class,object,way,num_pieces,path
Plate,1389e932a2c776d83c143af07c12991a,mode_0,1,out/everyday/Plate/1389e932a2c776d83c143af07c12991a/mode_0/piece_0.obj
Plate,fbc3702c344581fc5dca6305fb9f97ca,mode_0,1,out/everyday/Plate/fbc3702c344581fc5dca6305fb9f97ca/mode_0/piece_0.obj
Plate,17e958fa60740e4c3c143af07c12991a,mode_0,1,out/everyday/Plate/17e958fa60740e4c3c143af07c12991a/mode_0/piece_0.obj
Plate,8824ac5d1d34309794247f03639516c,mode_0,1,out/everyday/Plate/8824ac5d1d34309794247f03639516c/mode_0/piece_0.obj
Plate,9969f6178dcd67101c75d484f9069623,mode_0,1,out/everyday/Plate/9969f6178dcd67101c75d484f9069623/mode_0/piece_0.obj
Plate,f151b5b32400054bebe0518a81e2c5c8,mode_0,1,out/everyday/Plate/f151b5b32400054bebe0518a81e2c5c8/mode_0/piece_0.obj
Plate,6907973366e2d8ca7f181d2694cd239b,mode_0,1,out/everyday/Plate/6907973366e2d8ca7f181d2694cd239b/mode_0/piece_0.obj
Plate,17079f40cfdc719a3f7d5255ff865380,mode_0,1,out/everyday/Plate/17079f40cfdc719a3f7d5255ff865380/mode_0/piece_0.obj
Plate,6372c4d2e046d0fd7d3aa3bae1f7b494,mode_0,1,out/everyday/Plate/6372c4d2e046d0fd7d3aa3bae1f7b494/mode_0/piece_0.obj
Plate,bf4e419f863966f1bcbb3468b0bfc2ac,mode_0,1,out/everyday/Plate/bf4e419f863966f1bcbb3468b0bfc2ac/mode_0/piece_0.obj
Plate,bbeb9bbba056600d97fe54771f5481c7,mode_0,1,out/everyday/Plate/bbeb9bbba056600d97fe54771f5481c7/mode_0/piece_0.obj
Plate,f91a40237428ea779a8a8c3e38b7aa20,mode_0,1,out/everyday/Plate/f91a40237428ea779a8a8c3e38b7aa20/mode_0/piece_0.obj
Plate,dc460c2d0c94098d8af30108ea9ccb6c,mode_0,1,out/everyday/Plate/dc460c2d0c94098d8af30108ea9ccb6c/mode_0/piece_0.obj
Plate,9afc9d6669f57db51bb40575ac9d9dd3,mode_0,1,out/everyday/Plate/9afc9d6669f57db51bb40575ac9d9dd3/mode_0/piece_0.obj
Plate,c36966119b500162c095b28b76313ec2,mode_0,1,out/everyday/Plate/c36966119b500162c095b28b76313ec2/mode_0/piece_0.obj
Plate,cc87e29afe238126e20e92c5b8147e4a,mode_0,1,out/everyday/Plate/cc87e29afe238126e20e92c5b8147e4a/mode_0/piece_0.obj
Vase,12d643221a3edaa4ab361b6be63163da,mode_0,1,out/everyday/Vase/12d643221a3edaa4ab361b6be63163da/mode_0/piece_0.obj
Vase,e0a8f8e79f18f7c8561dce3fe08634b7,mode_0,1,out/everyday/Vase/e0a8f8e79f18f7c8561dce3fe08634b7/mode_0/piece_0.obj
Vase,8029c2527230111aad1d789f3b2120d0,mode_0,1,out/everyday/Vase/8029c2527230111aad1d789f3b2120d0/mode_0/piece_0.obj
Vase,6af347c8e74b5b715d878ba9ec3c0d6a,mode_0,1,out/everyday/Vase/6af347c8e74b5b715d878ba9ec3c0d6a/mode_0/piece_0.obj
Vase,807620fed80ead9672160feea2b67fe8,mode_0,1,out/everyday/Vase/807620fed80ead9672160feea2b67fe8/mode_0/piece_0.obj
Vase,661f1f07ee3cf13a77d7528e1646c585,mode_0,1,out/everyday/Vase/661f1f07ee3cf13a77d7528e1646c585/mode_0/piece_0.obj
Vase,d3978e26d3e0d773b3ffb0c309689ebd,mode_0,1,out/everyday/Vase/d3978e26d3e0d773b3ffb0c309689ebd/mode_0/piece_0.obj
Vase,b615e58e79bd2aa1561dce3fe08634b7,mode_0,1,out/everyday/Vase/b615e58e79bd2aa1561dce3fe08634b7/mode_0/piece_0.obj
Vase,fc9b84aae4d7aa31b3eb9231ca0d67f2,mode_0,1,out/everyday/Vase/fc9b84aae4d7aa31b3eb9231ca0d67f2/mode_0/piece_0.obj
Vase,82f323529563fca65706d1c54190f27a,mode_0,1,out/everyday/Vase/82f323529563fca65706d1c54190f27a/mode_0/piece_0.obj
Vase,a891dc805b93d01370a43c2d978e502e,mode_0,1,out/everyday/Vase/a891dc805b93d01370a43c2d978e502e/mode_0/piece_0.obj
Vase,cdc6bd336446234c2b151d8b52c53b90,mode_0,1,out/everyday/Vase/cdc6bd336446234c2b151d8b52c53b90/mode_0/piece_0.obj
Vase,1b370d5326cb7da75318625c74026d6,mode_0,1,out/everyday/Vase/1b370d5326cb7da75318625c74026d6/mode_0/piece_0.obj
Vase,7545c5b7700887a635836c728d324152,mode_0,1,out/everyday/Vase/7545c5b7700887a635836c728d324152/mode_0/piece_0.obj
Vase,705824eed1eb58f0ee106795de609335,mode_0,1,out/everyday/Vase/705824eed1eb58f0ee106795de609335/mode_0/piece_0.obj
Vase,38db6c39ee6d8a9d80fa98b5eeb7036c,mode_0,1,out/everyday/Vase/38db6c39ee6d8a9d80fa98b5eeb7036c/mode_0/piece_0.obj
Vase,b405b1caf6808336bced73c51e99f8b2,mode_0,1,out/everyday/Vase/b405b1caf6808336bced73c51e99f8b2/mode_0/piece_0.obj
Vase,d74e6a54e500b5744f9bdb71bf603cdc,mode_0,1,out/everyday/Vase/d74e6a54e500b5744f9bdb71bf603cdc/mode_0/piece_0.obj
Vase,770df0065c50c19dd884646143528886,mode_0,1,out/everyday/Vase/770df0065c50c19dd884646143528886/mode_0/piece_0.obj
Vase,c129a8ee633cc30430e9519d8ae32613,mode_0,1,out/everyday/Vase/c129a8ee633cc30430e9519d8ae32613/mode_0/piece_0.obj
Vase,8d861e4406a9d3258534bca5562e21be,mode_0,1,out/everyday/Vase/8d861e4406a9d3258534bca5562e21be/mode_0/piece_0.obj
Vase,d2b45cdfcfb75861eca6b4e05d53da1a,mode_0,1,out/everyday/Vase/d2b45cdfcfb75861eca6b4e05d53da1a/mode_0/piece_0.obj
Vase,a2da98dc3d78788435836c728d324152,mode_0,1,out/everyday/Vase/a2da98dc3d78788435836c728d324152/mode_0/piece_0.obj
Vase,a4e262972400fa1bcf6209b3dc64e077,mode_0,1,out/everyday/Vase/a4e262972400fa1bcf6209b3dc64e077/mode_0/piece_0.obj
Vase,bd0274fe8ca44aa035836c728d324152,mode_0,1,out/everyday/Vase/bd0274fe8ca44aa035836c728d324152/mode_0/piece_0.obj
Vase,1febe89e0336d5bcee106795de609335,mode_0,1,out/everyday/Vase/1febe89e0336d5bcee106795de609335/mode_0/piece_0.obj
Vase,3a275e00d69810c62600e861c93ad9cc,mode_0,1,out/everyday/Vase/3a275e00d69810c62600e861c93ad9cc/mode_0/piece_0.obj
Vase,59cf4966f108d8f1db88a58e9c22108d,mode_0,1,out/everyday/Vase/59cf4966f108d8f1db88a58e9c22108d/mode_0/piece_0.obj
Vase,a1fae2bdac896ab83a75e6d000e08290,mode_0,1,out/everyday/Vase/a1fae2bdac896ab83a75e6d000e08290/mode_0/piece_0.obj
Vase,c637b5e2387eec7421aff7e1274fec72,mode_0,1,out/everyday/Vase/c637b5e2387eec7421aff7e1274fec72/mode_0/piece_0.obj
Vase,5a18998cfe6c75263e3e7e4207e4f102,mode_0,1,out/everyday/Vase/5a18998cfe6c75263e3e7e4207e4f102/mode_0/piece_0.obj
Vase,ad64ff0a281c92b7eb895521e4d63cbe,mode_0,1,out/everyday/Vase/ad64ff0a281c92b7eb895521e4d63cbe/mode_0/piece_0.obj
Vase,bb1a0d719c6c92ec564ef9ade41a3447,mode_0,1,out/everyday/Vase/bb1a0d719c6c92ec564ef9ade41a3447/mode_0/piece_0.obj
Vase,1654250bf1bc5a0131fef20bb2ae787e,mode_0,1,out/everyday/Vase/1654250bf1bc5a0131fef20bb2ae787e/mode_0/piece_0.obj
Vase,a0320e94417cce5b35836c728d324152,mode_0,1,out/everyday/Vase/a0320e94417cce5b35836c728d324152/mode_0/piece_0.obj
Vase,e0bf4bf06f17f07a8f5635ac8b18fdb9,mode_0,1,out/everyday/Vase/e0bf4bf06f17f07a8f5635ac8b18fdb9/mode_0/piece_0.obj
Vase,2fc5fff977ac930050b92125e5fcb8ac,mode_0,1,out/everyday/Vase/2fc5fff977ac930050b92125e5fcb8ac/mode_0/piece_0.obj
Vase,e3460d6578d619c935836c728d324152,mode_0,1,out/everyday/Vase/e3460d6578d619c935836c728d324152/mode_0/piece_0.obj
Vase,8fb8d64e04e0be16a383bc0337fb2972,mode_0,1,out/everyday/Vase/8fb8d64e04e0be16a383bc0337fb2972/mode_0/piece_0.obj
Vase,ceff9f8c32f704ac35836c728d324152,mode_0,1,out/everyday/Vase/ceff9f8c32f704ac35836c728d324152/mode_0/piece_0.obj
Vase,5e6c6769815668b817ba4f4092c6f41,mode_0,1,out/everyday/Vase/5e6c6769815668b817ba4f4092c6f41/mode_0/piece_0.obj
Vase,1730e6c6a37f19abefae06b5b9950833,mode_0,1,out/everyday/Vase/1730e6c6a37f19abefae06b5b9950833/mode_0/piece_0.obj
Vase,6519a8929afa98739de171e0db680498,mode_0,1,out/everyday/Vase/6519a8929afa98739de171e0db680498/mode_0/piece_0.obj
Vase,7e0dd6e52ce37b52f690049a092c5efc,mode_0,1,out/everyday/Vase/7e0dd6e52ce37b52f690049a092c5efc/mode_0/piece_0.obj
Vase,4995132abfa4d6f235836c728d324152,mode_0,1,out/everyday/Vase/4995132abfa4d6f235836c728d324152/mode_0/piece_0.obj
Vase,7a971531ff72a48d5706d1c54190f27a,mode_0,1,out/everyday/Vase/7a971531ff72a48d5706d1c54190f27a/mode_0/piece_0.obj
Vase,c61fb2d0f5e3daa5edd4171cd40b3feb,mode_0,1,out/everyday/Vase/c61fb2d0f5e3daa5edd4171cd40b3feb/mode_0/piece_0.obj
Vase,8302f9cd5e454de85d878ba9ec3c0d6a,mode_0,1,out/everyday/Vase/8302f9cd5e454de85d878ba9ec3c0d6a/mode_0/piece_0.obj
Vase,472dc5f703cd91c835836c728d324152,mode_0,1,out/everyday/Vase/472dc5f703cd91c835836c728d324152/mode_0/piece_0.obj
Vase,dcd904b1a65d36f25954af3f5fca0876,mode_0,1,out/everyday/Vase/dcd904b1a65d36f25954af3f5fca0876/mode_0/piece_0.obj
Vase,a35b3de8b261f5599ee3b9136941230,mode_0,1,out/everyday/Vase/a35b3de8b261f5599ee3b9136941230/mode_0/piece_0.obj
Vase,9b9406be65ab942f7c0ffcaa63ee0500,mode_0,1,out/everyday/Vase/9b9406be65ab942f7c0ffcaa63ee0500/mode_0/piece_0.obj
Vase,d2f113f579d2c4c9b7e6746928016c6b,mode_0,1,out/everyday/Vase/d2f113f579d2c4c9b7e6746928016c6b/mode_0/piece_0.obj
Vase,78a72d794865e0cc35836c728d324152,mode_0,1,out/everyday/Vase/78a72d794865e0cc35836c728d324152/mode_0/piece_0.obj
Vase,9cabda39008f86316d075d8d4fe1141,mode_0,1,out/everyday/Vase/9cabda39008f86316d075d8d4fe1141/mode_0/piece_0.obj
Vase,2ec608cc4d3287bb92e0b07fda7527d0,mode_0,1,out/everyday/Vase/2ec608cc4d3287bb92e0b07fda7527d0/mode_0/piece_0.obj
Vase,bcf5a4b764ddeac759f9892433e1b1f4,mode_0,1,out/everyday/Vase/bcf5a4b764ddeac759f9892433e1b1f4/mode_0/piece_0.obj
Vase,9c06b546a29ccb2f2c27670a86683659,mode_0,1,out/everyday/Vase/9c06b546a29ccb2f2c27670a86683659/mode_0/piece_0.obj
Vase,ac0bbb80cceac3b5a876db93df8645ad,mode_0,1,out/everyday/Vase/ac0bbb80cceac3b5a876db93df8645ad/mode_0/piece_0.obj
Vase,ea4b33d425d8535047efcaa87d68903f,mode_0,1,out/everyday/Vase/ea4b33d425d8535047efcaa87d68903f/mode_0/piece_0.obj
Vase,40f0d91382abe04b2396ca3dd50467ab,mode_0,1,out/everyday/Vase/40f0d91382abe04b2396ca3dd50467ab/mode_0/piece_0.obj
Vase,d812011d158b5e3435836c728d324152,mode_0,1,out/everyday/Vase/d812011d158b5e3435836c728d324152/mode_0/piece_0.obj
Vase,ace45c3e1de6058ee694be5819d751ba,mode_0,1,out/everyday/Vase/ace45c3e1de6058ee694be5819d751ba/mode_0/piece_0.obj
Vase,deaa26bac4809cdbe69433742d227857,mode_0,1,out/everyday/Vase/deaa26bac4809cdbe69433742d227857/mode_0/piece_0.obj
Vase,d1f9e06eeb9e5fe237af722b64576c2,mode_0,1,out/everyday/Vase/d1f9e06eeb9e5fe237af722b64576c2/mode_0/piece_0.obj
Vase,3e8fd535abd8381c614be109ad41e469,mode_0,1,out/everyday/Vase/3e8fd535abd8381c614be109ad41e469/mode_0/piece_0.obj
Vase,ef5269ba557da598561dce3fe08634b7,mode_0,1,out/everyday/Vase/ef5269ba557da598561dce3fe08634b7/mode_0/piece_0.obj
Vase,23f305e2ca3a3007ee106795de609335,mode_0,1,out/everyday/Vase/23f305e2ca3a3007ee106795de609335/mode_0/piece_0.obj
Vase,a16e051fe5507ae2396ca3dd50467ab,mode_0,1,out/everyday/Vase/a16e051fe5507ae2396ca3dd50467ab/mode_0/piece_0.obj
Vase,c6b6ecfd4d5d752a265d1076b4b6c5c,mode_0,1,out/everyday/Vase/c6b6ecfd4d5d752a265d1076b4b6c5c/mode_0/piece_0.obj
Vase,8b56cc59b433b83d42266d3d768f0d70,mode_0,1,out/everyday/Vase/8b56cc59b433b83d42266d3d768f0d70/mode_0/piece_0.obj
Vase,b99191dfcaa751ad50e02ef26f47fe02,mode_0,1,out/everyday/Vase/b99191dfcaa751ad50e02ef26f47fe02/mode_0/piece_0.obj
Vase,de673ddf9df03b8278cf1a714198918,mode_0,1,out/everyday/Vase/de673ddf9df03b8278cf1a714198918/mode_0/piece_0.obj
Vase,b1584e986a706101773b5d04f2ffad47,mode_0,1,out/everyday/Vase/b1584e986a706101773b5d04f2ffad47/mode_0/piece_0.obj
Vase,56a6f9bab3aef1b88a649b7864cb0854,mode_0,1,out/everyday/Vase/56a6f9bab3aef1b88a649b7864cb0854/mode_0/piece_0.obj
Vase,89b700544754787d5385ca988a40ed06,mode_0,1,out/everyday/Vase/89b700544754787d5385ca988a40ed06/mode_0/piece_0.obj
Vase,7b97f7b6ba604173fec8ec00010848b3,mode_0,1,out/everyday/Vase/7b97f7b6ba604173fec8ec00010848b3/mode_0/piece_0.obj
Vase,36633813dbc213c135836c728d324152,mode_0,1,out/everyday/Vase/36633813dbc213c135836c728d324152/mode_0/piece_0.obj
Vase,1a8f9295b44b48895e8c5748ca5ef3ea,mode_0,1,out/everyday/Vase/1a8f9295b44b48895e8c5748ca5ef3ea/mode_0/piece_0.obj
Vase,6f2c815565cfdb97a1c637e821f12a67,mode_0,1,out/everyday/Vase/6f2c815565cfdb97a1c637e821f12a67/mode_0/piece_0.obj
Vase,324c9045843b9470d29670d38a4c9e7e,mode_0,1,out/everyday/Vase/324c9045843b9470d29670d38a4c9e7e/mode_0/piece_0.obj
Vase,9e7a60f4338bd4f382dcf870385fe09e,mode_0,1,out/everyday/Vase/9e7a60f4338bd4f382dcf870385fe09e/mode_0/piece_0.obj
Vase,38e712afedf758c355db916689d826c1,mode_0,1,out/everyday/Vase/38e712afedf758c355db916689d826c1/mode_0/piece_0.obj
Vase,ef5942b7b3d3dc7f35836c728d324152,mode_0,1,out/everyday/Vase/ef5942b7b3d3dc7f35836c728d324152/mode_0/piece_0.obj
Vase,4cd37983220c5949946c2e1ea428382a,mode_0,1,out/everyday/Vase/4cd37983220c5949946c2e1ea428382a/mode_0/piece_0.obj
Vase,2052e69d5151c5d535836c728d324152,mode_0,1,out/everyday/Vase/2052e69d5151c5d535836c728d324152/mode_0/piece_0.obj
Vase,415a96bfbb45b3ee35836c728d324152,mode_0,1,out/everyday/Vase/415a96bfbb45b3ee35836c728d324152/mode_0/piece_0.obj
Vase,e54d94d05be8294235836c728d324152,mode_0,1,out/everyday/Vase/e54d94d05be8294235836c728d324152/mode_0/piece_0.obj
Vase,884b167e2c44a19930eaaf40a8a562c1,mode_0,1,out/everyday/Vase/884b167e2c44a19930eaaf40a8a562c1/mode_0/piece_0.obj
Vase,be15eb13b784d6c935836c728d324152,mode_0,1,out/everyday/Vase/be15eb13b784d6c935836c728d324152/mode_0/piece_0.obj
Vase,3976bd1f61e4b5c95d878ba9ec3c0d6a,mode_0,1,out/everyday/Vase/3976bd1f61e4b5c95d878ba9ec3c0d6a/mode_0/piece_0.obj
Vase,3dfde41f48617120c7d17f1ea7477fc2,mode_0,1,out/everyday/Vase/3dfde41f48617120c7d17f1ea7477fc2/mode_0/piece_0.obj
Vase,7366d4cca1110f3b35836c728d324152,mode_0,1,out/everyday/Vase/7366d4cca1110f3b35836c728d324152/mode_0/piece_0.obj
Vase,d6b6a7a860cfeeda2f2318fdd66be40a,mode_0,1,out/everyday/Vase/d6b6a7a860cfeeda2f2318fdd66be40a/mode_0/piece_0.obj
Vase,eae9b73011d43a8472547df788ccb748,mode_0,1,out/everyday/Vase/eae9b73011d43a8472547df788ccb748/mode_0/piece_0.obj
Vase,60c012f2258eb9e4cf4fab2fd9a8c84d,mode_0,1,out/everyday/Vase/60c012f2258eb9e4cf4fab2fd9a8c84d/mode_0/piece_0.obj
Vase,4835bb37072cb5dafc23d64476f7d890,mode_0,1,out/everyday/Vase/4835bb37072cb5dafc23d64476f7d890/mode_0/piece_0.obj
Vase,773f9776383591413154b9d0607cd85d,mode_0,1,out/everyday/Vase/773f9776383591413154b9d0607cd85d/mode_0/piece_0.obj
Vase,32dc55c3e945384dbc5e533ab711fd24,mode_0,1,out/everyday/Vase/32dc55c3e945384dbc5e533ab711fd24/mode_0/piece_0.obj
Vase,aeb38b405aedf355be73768c654c5bcd,mode_0,1,out/everyday/Vase/aeb38b405aedf355be73768c654c5bcd/mode_0/piece_0.obj
Vase,1f5c74f0a55cbf9798d5fc0473d00a1c,mode_0,1,out/everyday/Vase/1f5c74f0a55cbf9798d5fc0473d00a1c/mode_0/piece_0.obj
Vase,e90d611a334c531735836c728d324152,mode_0,1,out/everyday/Vase/e90d611a334c531735836c728d324152/mode_0/piece_0.obj
Vase,418003a4a24e2c18265d1076b4b6c5c,mode_0,1,out/everyday/Vase/418003a4a24e2c18265d1076b4b6c5c/mode_0/piece_0.obj
Vase,17b6b2b09458f1a435836c728d324152,mode_0,1,out/everyday/Vase/17b6b2b09458f1a435836c728d324152/mode_0/piece_0.obj
Vase,32e863f0d34384cc7ad908dd9229dac8,mode_0,1,out/everyday/Vase/32e863f0d34384cc7ad908dd9229dac8/mode_0/piece_0.obj
Vase,2c6371533c97c5c135836c728d324152,mode_0,1,out/everyday/Vase/2c6371533c97c5c135836c728d324152/mode_0/piece_0.obj
Bowl,594b22f21daf33ce6aea2f18ee404fd5,mode_0,1,out/everyday/Bowl/594b22f21daf33ce6aea2f18ee404fd5/mode_0/piece_0.obj
Bowl,4417f06a1a1d213f4b6cec3185574478,mode_0,1,out/everyday/Bowl/4417f06a1a1d213f4b6cec3185574478/mode_0/piece_0.obj
Bowl,38af522494d535151f6a5b0146bf3030,mode_0,1,out/everyday/Bowl/38af522494d535151f6a5b0146bf3030/mode_0/piece_0.obj
Bowl,2eb4cfc59205bb3a147c505998f546dd,mode_0,1,out/everyday/Bowl/2eb4cfc59205bb3a147c505998f546dd/mode_0/piece_0.obj
Bowl,95ac294f47fd7d87e0b49f27ced29e3,mode_0,1,out/everyday/Bowl/95ac294f47fd7d87e0b49f27ced29e3/mode_0/piece_0.obj
Bowl,50ad83141272138a606b9bf35534b61b,mode_0,1,out/everyday/Bowl/50ad83141272138a606b9bf35534b61b/mode_0/piece_0.obj
Bowl,50ad83141272138a606b9bf35534b61b,mode_1,1,out/everyday/Bowl/50ad83141272138a606b9bf35534b61b/mode_1/piece_0.obj
Bowl,8eab5598b81afd7bab5b523beb03efcd,mode_0,1,out/everyday/Bowl/8eab5598b81afd7bab5b523beb03efcd/mode_0/piece_0.obj
Bowl,75467099fb4d6984df85db41e3677c28,mode_0,1,out/everyday/Bowl/75467099fb4d6984df85db41e3677c28/mode_0/piece_0.obj
Bowl,8bb057d18e2fcc4779368d1198f406e7,mode_0,1,out/everyday/Bowl/8bb057d18e2fcc4779368d1198f406e7/mode_0/piece_0.obj
Bowl,4be4184845972fba5ea36d5a57a5a3bb,mode_0,1,out/everyday/Bowl/4be4184845972fba5ea36d5a57a5a3bb/mode_0/piece_0.obj
Bowl,68582543c4c6d0bccfdfe3f21f42a111,mode_0,1,out/everyday/Bowl/68582543c4c6d0bccfdfe3f21f42a111/mode_0/piece_0.obj
Bowl,518833fb88d143ddee8f0f6d51f8e71b,mode_0,1,out/everyday/Bowl/518833fb88d143ddee8f0f6d51f8e71b/mode_0/piece_0.obj
Bowl,960c5c5bff2d3a4bbced73c51e99f8b2,mode_0,1,out/everyday/Bowl/960c5c5bff2d3a4bbced73c51e99f8b2/mode_0/piece_0.obj
Bowl,9a52843cc89cd208362be90aaa182ec6,mode_0,1,out/everyday/Bowl/9a52843cc89cd208362be90aaa182ec6/mode_0/piece_0.obj
Bowl,4845731dbf7522b07492cbf7d8bec255,mode_0,1,out/everyday/Bowl/4845731dbf7522b07492cbf7d8bec255/mode_0/piece_0.obj
Bowl,6a772d12b98ab61dc26651d9d35b77ca,mode_0,1,out/everyday/Bowl/6a772d12b98ab61dc26651d9d35b77ca/mode_0/piece_0.obj
Bowl,2efc35a3625fa50961a9876fa6384765,mode_0,1,out/everyday/Bowl/2efc35a3625fa50961a9876fa6384765/mode_0/piece_0.obj
Bowl,4b93a81c3534e56d19620b61f6587b3e,mode_0,1,out/everyday/Bowl/4b93a81c3534e56d19620b61f6587b3e/mode_0/piece_0.obj
Bowl,d65a2b5811df52f2e10ddc5f810dd417,mode_0,1,out/everyday/Bowl/d65a2b5811df52f2e10ddc5f810dd417/mode_0/piece_0.obj
Bowl,49a0a84ee5a91344b11c5cce13f76151,mode_0,1,out/everyday/Bowl/49a0a84ee5a91344b11c5cce13f76151/mode_0/piece_0.obj
Bowl,fca9fcb710592311d291861d5bc3e7c8,mode_0,1,out/everyday/Bowl/fca9fcb710592311d291861d5bc3e7c8/mode_0/piece_0.obj
Bowl,8e840ba109f252534c6955b188e290e0,mode_0,1,out/everyday/Bowl/8e840ba109f252534c6955b188e290e0/mode_0/piece_0.obj
Bowl,a2841256fc6fd90da518b93bb7233de6,mode_0,1,out/everyday/Bowl/a2841256fc6fd90da518b93bb7233de6/mode_0/piece_0.obj
Bowl,d81f943065391492a7e760c0b399301,mode_0,1,out/everyday/Bowl/d81f943065391492a7e760c0b399301/mode_0/piece_0.obj
Bowl,64ccb121147c56af48ce81ccd3000f65,mode_0,1,out/everyday/Bowl/64ccb121147c56af48ce81ccd3000f65/mode_0/piece_0.obj
Bowl,1be987c137d37f0b7c15f7bdb6fa82dd,mode_0,1,out/everyday/Bowl/1be987c137d37f0b7c15f7bdb6fa82dd/mode_0/piece_0.obj
Bowl,53476e51e6bb59eaf35de0153a1c1eca,mode_0,1,out/everyday/Bowl/53476e51e6bb59eaf35de0153a1c1eca/mode_0/piece_0.obj
Bowl,b70690efb402013233e4fde2bc371944,mode_0,1,out/everyday/Bowl/b70690efb402013233e4fde2bc371944/mode_0/piece_0.obj
Bowl,6c3bf99a9534c75314513156cf2b8d0d,mode_0,1,out/everyday/Bowl/6c3bf99a9534c75314513156cf2b8d0d/mode_0/piece_0.obj
Bowl,ecb86f63e92e346a25c70fb1df3f879b,mode_0,1,out/everyday/Bowl/ecb86f63e92e346a25c70fb1df3f879b/mode_0/piece_0.obj
Bowl,da1f2b790740d6b61310f14cdd81f288,mode_0,1,out/everyday/Bowl/da1f2b790740d6b61310f14cdd81f288/mode_0/piece_0.obj
Bowl,7ebbe5e7d05da436f926435cc723d8ad,mode_0,1,out/everyday/Bowl/7ebbe5e7d05da436f926435cc723d8ad/mode_0/piece_0.obj
Teacup,2e8d37b3dd65c312b8f0377fb16daf9d,mode_0,1,out/everyday/Teacup/2e8d37b3dd65c312b8f0377fb16daf9d/mode_0/piece_0.obj
Teacup,5bbc259497af2fa15db77ed1f5c8b93,mode_0,1,out/everyday/Teacup/5bbc259497af2fa15db77ed1f5c8b93/mode_0/piece_0.obj
Teacup,5b4f446bc0844d8a502ac88bde4dfaa5,mode_0,1,out/everyday/Teacup/5b4f446bc0844d8a502ac88bde4dfaa5/mode_0/piece_0.obj
Teacup,31fcf965836ab3484212ff51b27f0221,mode_0,1,out/everyday/Teacup/31fcf965836ab3484212ff51b27f0221/mode_0/piece_0.obj
Teacup,659192a6ba300f1f4293529704725d98,mode_0,1,out/everyday/Teacup/659192a6ba300f1f4293529704725d98/mode_0/piece_0.obj
Teacup,6d1b5b270329e5c4ffbefac2b6ae3d95,mode_0,1,out/everyday/Teacup/6d1b5b270329e5c4ffbefac2b6ae3d95/mode_0/piece_0.obj
Teacup,7806742802bf70784212ff51b27f0221,mode_0,1,out/everyday/Teacup/7806742802bf70784212ff51b27f0221/mode_0/piece_0.obj
WineBottle,5ad47181a9026fc728cc22dce7529b69,mode_0,1,out/everyday/WineBottle/5ad47181a9026fc728cc22dce7529b69/mode_0/piece_0.obj
WineBottle,a34966853ab2272ab2047d3072d5e051,mode_0,1,out/everyday/WineBottle/a34966853ab2272ab2047d3072d5e051/mode_0/piece_0.obj
WineBottle,908e85e13c6fbde0a1ca08763d503f0e,mode_0,1,out/everyday/WineBottle/908e85e13c6fbde0a1ca08763d503f0e/mode_0/piece_0.obj
WineBottle,ba85427b56a4619ad2b623ffc463478b,mode_0,1,out/everyday/WineBottle/ba85427b56a4619ad2b623ffc463478b/mode_0/piece_0.obj
WineBottle,758fb2cab125eb6b153b368d6f14e275,mode_0,1,out/everyday/WineBottle/758fb2cab125eb6b153b368d6f14e275/mode_0/piece_0.obj
WineBottle,7b1fc86844257f8fa54fd40ef3a8dfd0,mode_0,1,out/everyday/WineBottle/7b1fc86844257f8fa54fd40ef3a8dfd0/mode_0/piece_0.obj
WineBottle,d35ad6fe1db522f8593a35122199a8ce,mode_0,1,out/everyday/WineBottle/d35ad6fe1db522f8593a35122199a8ce/mode_0/piece_0.obj
WineBottle,24feb92770933b1663995fb119e59971,mode_0,1,out/everyday/WineBottle/24feb92770933b1663995fb119e59971/mode_0/piece_0.obj
WineBottle,8cd9b10f611ac28e866a1445c8fba9da,mode_0,1,out/everyday/WineBottle/8cd9b10f611ac28e866a1445c8fba9da/mode_0/piece_0.obj
WineBottle,1c79735033726294724d5ee7f09ab66b,mode_0,1,out/everyday/WineBottle/1c79735033726294724d5ee7f09ab66b/mode_0/piece_0.obj
WineBottle,437678d4bc6be981c8724d5673a063a6,mode_0,1,out/everyday/WineBottle/437678d4bc6be981c8724d5673a063a6/mode_0/piece_0.obj
WineBottle,fa44223c6f785c60e71da2487cb2ee5b,mode_0,1,out/everyday/WineBottle/fa44223c6f785c60e71da2487cb2ee5b/mode_0/piece_0.obj
WineBottle,e101cc44ead036294bc79c881a0e818b,mode_0,1,out/everyday/WineBottle/e101cc44ead036294bc79c881a0e818b/mode_0/piece_0.obj
WineBottle,114509277e76e413c8724d5673a063a6,mode_0,1,out/everyday/WineBottle/114509277e76e413c8724d5673a063a6/mode_0/piece_0.obj
WineBottle,546111e6869f41aca577e3e5353dd356,mode_0,1,out/everyday/WineBottle/546111e6869f41aca577e3e5353dd356/mode_0/piece_0.obj
WineBottle,621e786d6343d3aa2c96718b14a4add9,mode_0,1,out/everyday/WineBottle/621e786d6343d3aa2c96718b14a4add9/mode_0/piece_0.obj
WineBottle,7746997b8cfd8d11f4718731863dd64d,mode_0,1,out/everyday/WineBottle/7746997b8cfd8d11f4718731863dd64d/mode_0/piece_0.obj
WineBottle,109d55a137c042f5760315ac3bf2c13e,mode_0,1,out/everyday/WineBottle/109d55a137c042f5760315ac3bf2c13e/mode_0/piece_0.obj
Teapot,93c6553dc3f2ad11012cc02986a86c3,mode_0,1,out/everyday/Teapot/93c6553dc3f2ad11012cc02986a86c3/mode_0/piece_0.obj
Teapot,139af10e719186bddaa266217a65f9d7,mode_0,1,out/everyday/Teapot/139af10e719186bddaa266217a65f9d7/mode_0/piece_0.obj
Teapot,ef16485d8a6750e84212ff51b27f0221,mode_0,1,out/everyday/Teapot/ef16485d8a6750e84212ff51b27f0221/mode_0/piece_0.obj
Teapot,13961f08fe5b4c549ef60e9225cbea3a,mode_0,1,out/everyday/Teapot/13961f08fe5b4c549ef60e9225cbea3a/mode_0/piece_0.obj
Teapot,ce04f39420c7c3e82fb82d326efadfe3,mode_0,1,out/everyday/Teapot/ce04f39420c7c3e82fb82d326efadfe3/mode_0/piece_0.obj
Teapot,3d2cafbf9a6a2da44212ff51b27f0221,mode_0,1,out/everyday/Teapot/3d2cafbf9a6a2da44212ff51b27f0221/mode_0/piece_0.obj
Teapot,7c381f85d3b6e8f46a47bc678e9c8907,mode_0,1,out/everyday/Teapot/7c381f85d3b6e8f46a47bc678e9c8907/mode_0/piece_0.obj
Teapot,5a471458da447600fea9cf313bd7758b,mode_0,1,out/everyday/Teapot/5a471458da447600fea9cf313bd7758b/mode_0/piece_0.obj
Teapot,c7a70db33a8c900dab5b523beb03efcd,mode_0,1,out/everyday/Teapot/c7a70db33a8c900dab5b523beb03efcd/mode_0/piece_0.obj
ToyFigure,a56419bd8118099593b55327c66a07aa,mode_0,1,out/everyday/ToyFigure/a56419bd8118099593b55327c66a07aa/mode_0/piece_0.obj
ToyFigure,5908022a1e5b8ec3adf5ea2911b3df77,mode_0,1,out/everyday/ToyFigure/5908022a1e5b8ec3adf5ea2911b3df77/mode_0/piece_0.obj
ToyFigure,88a8e1aa4abb50287c1f504c6aa026af,mode_0,1,out/everyday/ToyFigure/88a8e1aa4abb50287c1f504c6aa026af/mode_0/piece_0.obj
ToyFigure,87bf190248b454fd8b3bc7adf52c7243,mode_0,1,out/everyday/ToyFigure/87bf190248b454fd8b3bc7adf52c7243/mode_0/piece_0.obj
ToyFigure,21272fcb242e4e85a4312dac0c0f355c,mode_0,1,out/everyday/ToyFigure/21272fcb242e4e85a4312dac0c0f355c/mode_0/piece_0.obj
ToyFigure,84c2dd765877d5f553b4f77adb46c92a,mode_0,1,out/everyday/ToyFigure/84c2dd765877d5f553b4f77adb46c92a/mode_0/piece_0.obj
ToyFigure,a3087c9105fe0878d18a6b3b9816ca14,mode_0,1,out/everyday/ToyFigure/a3087c9105fe0878d18a6b3b9816ca14/mode_0/piece_0.obj
ToyFigure,ed09908f11125fb6b1610c1351add50e,mode_0,1,out/everyday/ToyFigure/ed09908f11125fb6b1610c1351add50e/mode_0/piece_0.obj
ToyFigure,31fb6849b47dd54c9c184d4625d13a0d,mode_0,1,out/everyday/ToyFigure/31fb6849b47dd54c9c184d4625d13a0d/mode_0/piece_0.obj
ToyFigure,3ba8803f914ac8d767ff608a5fbe6aa8,mode_0,1,out/everyday/ToyFigure/3ba8803f914ac8d767ff608a5fbe6aa8/mode_0/piece_0.obj
ToyFigure,312b9ddf2e3d343277e21aa92afd81b0,mode_0,1,out/everyday/ToyFigure/312b9ddf2e3d343277e21aa92afd81b0/mode_0/piece_0.obj
ToyFigure,7f691e0ea1e529a83a26deafa9169642,mode_0,1,out/everyday/ToyFigure/7f691e0ea1e529a83a26deafa9169642/mode_0/piece_0.obj
ToyFigure,7b1aa17a326177a1fad30cd586639ed2,mode_0,1,out/everyday/ToyFigure/7b1aa17a326177a1fad30cd586639ed2/mode_0/piece_0.obj
ToyFigure,47337e2941a1f64c1b62ac564eb0516b,mode_0,1,out/everyday/ToyFigure/47337e2941a1f64c1b62ac564eb0516b/mode_0/piece_0.obj
ToyFigure,5d7cfdd7b9b1f314ccb9d5278825aef9,mode_0,1,out/everyday/ToyFigure/5d7cfdd7b9b1f314ccb9d5278825aef9/mode_0/piece_0.obj
ToyFigure,60c574a293b9f2014f60944ced2b5887,mode_0,1,out/everyday/ToyFigure/60c574a293b9f2014f60944ced2b5887/mode_0/piece_0.obj
ToyFigure,50c9c9392ae7403c648c1a69840a0330,mode_0,1,out/everyday/ToyFigure/50c9c9392ae7403c648c1a69840a0330/mode_0/piece_0.obj
ToyFigure,36b13c92d0d23f1433eddc4ad251356e,mode_0,1,out/everyday/ToyFigure/36b13c92d0d23f1433eddc4ad251356e/mode_0/piece_0.obj
ToyFigure,d45505e72c54533ec4217b88fb330b04,mode_0,1,out/everyday/ToyFigure/d45505e72c54533ec4217b88fb330b04/mode_0/piece_0.obj
ToyFigure,9228911f4728e71e311588cd2f5b5b60,mode_0,1,out/everyday/ToyFigure/9228911f4728e71e311588cd2f5b5b60/mode_0/piece_0.obj
ToyFigure,9228911f4728e71e311588cd2f5b5b60,mode_1,1,out/everyday/ToyFigure/9228911f4728e71e311588cd2f5b5b60/mode_1/piece_0.obj
ToyFigure,2daedbac8e1ee36f57467549cdfd9eb3,mode_0,1,out/everyday/ToyFigure/2daedbac8e1ee36f57467549cdfd9eb3/mode_0/piece_0.obj
ToyFigure,b7533865b357f4a4aa008dc56caffad9,mode_0,1,out/everyday/ToyFigure/b7533865b357f4a4aa008dc56caffad9/mode_0/piece_0.obj
ToyFigure,47204f6aaa776c7bf8208b6313b1ffa0,mode_0,1,out/everyday/ToyFigure/47204f6aaa776c7bf8208b6313b1ffa0/mode_0/piece_0.obj
ToyFigure,cecd11cf7a682fdb929c2dad9ce0ee,mode_0,1,out/everyday/ToyFigure/cecd11cf7a682fdb929c2dad9ce0ee/mode_0/piece_0.obj
ToyFigure,2cd9ec4e736d25ed57ecc706f7088340,mode_0,1,out/everyday/ToyFigure/2cd9ec4e736d25ed57ecc706f7088340/mode_0/piece_0.obj
ToyFigure,670b3162fe029fabd9dca9cd630ba2ba,mode_0,1,out/everyday/ToyFigure/670b3162fe029fabd9dca9cd630ba2ba/mode_0/piece_0.obj
ToyFigure,29a37eb86f4677163f6b1b708c713b4a,mode_0,1,out/everyday/ToyFigure/29a37eb86f4677163f6b1b708c713b4a/mode_0/piece_0.obj
ToyFigure,a9a30b2fa20f1f86f480a828067a44a2,mode_0,1,out/everyday/ToyFigure/a9a30b2fa20f1f86f480a828067a44a2/mode_0/piece_0.obj
ToyFigure,7cc11810eaa479e177e21aa92afd81b0,mode_0,1,out/everyday/ToyFigure/7cc11810eaa479e177e21aa92afd81b0/mode_0/piece_0.obj
ToyFigure,32661bba4a8063095093b263e7c69565,mode_0,1,out/everyday/ToyFigure/32661bba4a8063095093b263e7c69565/mode_0/piece_0.obj
ToyFigure,6897b6e1470cdd4af8e8ff67ecd10c0b,mode_0,1,out/everyday/ToyFigure/6897b6e1470cdd4af8e8ff67ecd10c0b/mode_0/piece_0.obj
ToyFigure,da0f7f3893b690ff9eda02c6c8b462ec,mode_0,1,out/everyday/ToyFigure/da0f7f3893b690ff9eda02c6c8b462ec/mode_0/piece_0.obj
ToyFigure,427528aa930e859db9df0ee87726d245,mode_0,1,out/everyday/ToyFigure/427528aa930e859db9df0ee87726d245/mode_0/piece_0.obj
ToyFigure,c316443737330629ff4bf5889ecc03a5,mode_0,1,out/everyday/ToyFigure/c316443737330629ff4bf5889ecc03a5/mode_0/piece_0.obj
ToyFigure,2936cf91218a53dee04e4d5188c661b9,mode_0,1,out/everyday/ToyFigure/2936cf91218a53dee04e4d5188c661b9/mode_0/piece_0.obj
ToyFigure,7134e227c856685d50f3a2fc91e9b3c5,mode_0,1,out/everyday/ToyFigure/7134e227c856685d50f3a2fc91e9b3c5/mode_0/piece_0.obj
ToyFigure,e9a1dcd815de9a224465423f9447321,mode_0,1,out/everyday/ToyFigure/e9a1dcd815de9a224465423f9447321/mode_0/piece_0.obj
ToyFigure,baf6c6a5e50e38d275d9a619fe66717e,mode_0,1,out/everyday/ToyFigure/baf6c6a5e50e38d275d9a619fe66717e/mode_0/piece_0.obj
ToyFigure,ca64eeb7b0823ca2bc946a1e4b0c1ae1,mode_0,1,out/everyday/ToyFigure/ca64eeb7b0823ca2bc946a1e4b0c1ae1/mode_0/piece_0.obj
ToyFigure,3f76a67b083d2a045136774b39da07bf,mode_0,1,out/everyday/ToyFigure/3f76a67b083d2a045136774b39da07bf/mode_0/piece_0.obj
ToyFigure,2acb67458c17af08c4b494041bc63422,mode_0,1,out/everyday/ToyFigure/2acb67458c17af08c4b494041bc63422/mode_0/piece_0.obj
ToyFigure,5849956e579b006674c7221f16c9f5a2,mode_0,1,out/everyday/ToyFigure/5849956e579b006674c7221f16c9f5a2/mode_0/piece_0.obj
ToyFigure,12ddd9e1fa8912ae1bfccceeaa1b7669,mode_0,1,out/everyday/ToyFigure/12ddd9e1fa8912ae1bfccceeaa1b7669/mode_0/piece_0.obj
ToyFigure,f2f397733f14198115c3f92f810cab08,mode_0,1,out/everyday/ToyFigure/f2f397733f14198115c3f92f810cab08/mode_0/piece_0.obj
ToyFigure,215e4b59683247378a3e8bd3a4e48433,mode_0,1,out/everyday/ToyFigure/215e4b59683247378a3e8bd3a4e48433/mode_0/piece_0.obj
ToyFigure,3088a06a2a41238fedcf241999f58538,mode_0,1,out/everyday/ToyFigure/3088a06a2a41238fedcf241999f58538/mode_0/piece_0.obj
ToyFigure,2e64972982a073ff8359e487c70b625e,mode_0,1,out/everyday/ToyFigure/2e64972982a073ff8359e487c70b625e/mode_0/piece_0.obj
ToyFigure,803799ab2024d7bf6811e87c02909b0a,mode_0,1,out/everyday/ToyFigure/803799ab2024d7bf6811e87c02909b0a/mode_0/piece_0.obj
ToyFigure,afc6565a63ab5897e6597d3a0393435c,mode_0,1,out/everyday/ToyFigure/afc6565a63ab5897e6597d3a0393435c/mode_0/piece_0.obj
PillBottle,81bbf3134d1ca27a58449bd132e3a3fe,mode_0,1,out/everyday/PillBottle/81bbf3134d1ca27a58449bd132e3a3fe/mode_0/piece_0.obj
PillBottle,bb234652525a68498d969821a85884b2,mode_0,1,out/everyday/PillBottle/bb234652525a68498d969821a85884b2/mode_0/piece_0.obj
PillBottle,6bfcacdff00d57c633774da3deff863,mode_0,1,out/everyday/PillBottle/6bfcacdff00d57c633774da3deff863/mode_0/piece_0.obj
PillBottle,6aba175c988c8bec9fac57ed2e044778,mode_0,1,out/everyday/PillBottle/6aba175c988c8bec9fac57ed2e044778/mode_0/piece_0.obj
PillBottle,6230f6c8fb4987db4489e8d156e61135,mode_0,1,out/everyday/PillBottle/6230f6c8fb4987db4489e8d156e61135/mode_0/piece_0.obj
PillBottle,8e6277003de9770a7c35d3c5d3b1fcf7,mode_0,1,out/everyday/PillBottle/8e6277003de9770a7c35d3c5d3b1fcf7/mode_0/piece_0.obj
PillBottle,fdc47f5f8dff184830eaaf40a8a562c1,mode_0,1,out/everyday/PillBottle/fdc47f5f8dff184830eaaf40a8a562c1/mode_0/piece_0.obj
PillBottle,ec42773c595dc08e4d678187b8261d95,mode_0,1,out/everyday/PillBottle/ec42773c595dc08e4d678187b8261d95/mode_0/piece_0.obj
PillBottle,f6de2a85da0e89b53f222a37719e9945,mode_0,1,out/everyday/PillBottle/f6de2a85da0e89b53f222a37719e9945/mode_0/piece_0.obj
PillBottle,11a0f60b9baaaf59968608843530f3d7,mode_0,1,out/everyday/PillBottle/11a0f60b9baaaf59968608843530f3d7/mode_0/piece_0.obj
DrinkBottle,7446fa250adf49c5e7ef9fff09638f8e,mode_0,1,out/everyday/DrinkBottle/7446fa250adf49c5e7ef9fff09638f8e/mode_0/piece_0.obj
DrinkBottle,5e67380e99a257814e5292217a77cd7,mode_0,1,out/everyday/DrinkBottle/5e67380e99a257814e5292217a77cd7/mode_0/piece_0.obj
DrinkBottle,1ef68777bfdb7d6ba7a07ee616e34cd7,mode_0,1,out/everyday/DrinkBottle/1ef68777bfdb7d6ba7a07ee616e34cd7/mode_0/piece_0.obj
DrinkBottle,c0b6be0fb83b237f504721639e19f609,mode_0,1,out/everyday/DrinkBottle/c0b6be0fb83b237f504721639e19f609/mode_0/piece_0.obj
DrinkBottle,a429f8eb0c3e6a1e6ea2d79f658bbae7,mode_0,1,out/everyday/DrinkBottle/a429f8eb0c3e6a1e6ea2d79f658bbae7/mode_0/piece_0.obj
DrinkBottle,7d41c6018862dc419d231837a704886d,mode_0,1,out/everyday/DrinkBottle/7d41c6018862dc419d231837a704886d/mode_0/piece_0.obj
DrinkBottle,738d7eb5c8800842f8060bac8721179,mode_0,1,out/everyday/DrinkBottle/738d7eb5c8800842f8060bac8721179/mode_0/piece_0.obj
DrinkingUtensil,5600c26d4baa13d730612f5c0ef21eb8,mode_0,1,out/everyday/DrinkingUtensil/5600c26d4baa13d730612f5c0ef21eb8/mode_0/piece_0.obj
DrinkingUtensil,31ec660f1bdbec47ddcb31426795fd11,mode_0,1,out/everyday/DrinkingUtensil/31ec660f1bdbec47ddcb31426795fd11/mode_0/piece_0.obj
DrinkingUtensil,588bc5c6c296fa9cd858706c4c6b1423,mode_0,1,out/everyday/DrinkingUtensil/588bc5c6c296fa9cd858706c4c6b1423/mode_0/piece_0.obj
DrinkingUtensil,2e228ee528f0a7054212ff51b27f0221,mode_0,1,out/everyday/DrinkingUtensil/2e228ee528f0a7054212ff51b27f0221/mode_0/piece_0.obj
DrinkingUtensil,fad118b32085f3f2c2c72e575af174cd,mode_0,1,out/everyday/DrinkingUtensil/fad118b32085f3f2c2c72e575af174cd/mode_0/piece_0.obj
DrinkingUtensil,f23a544c04e2f5ccb50d0c6a0c254040,mode_0,1,out/everyday/DrinkingUtensil/f23a544c04e2f5ccb50d0c6a0c254040/mode_0/piece_0.obj
DrinkingUtensil,eccfd74cb0014d474212ff51b27f0221,mode_0,1,out/everyday/DrinkingUtensil/eccfd74cb0014d474212ff51b27f0221/mode_0/piece_0.obj
DrinkingUtensil,82e511db9c78dba0dbba3efff716f351,mode_0,1,out/everyday/DrinkingUtensil/82e511db9c78dba0dbba3efff716f351/mode_0/piece_0.obj
DrinkingUtensil,50651245d23db6bfd4c7c9add3ce42f3,mode_0,1,out/everyday/DrinkingUtensil/50651245d23db6bfd4c7c9add3ce42f3/mode_0/piece_0.obj
DrinkingUtensil,f2a6dba44fcb7ca030612f5c0ef21eb8,mode_0,1,out/everyday/DrinkingUtensil/f2a6dba44fcb7ca030612f5c0ef21eb8/mode_0/piece_0.obj
DrinkingUtensil,a0c1d7de5f9c08b69154bae3578e13c1,mode_0,1,out/everyday/DrinkingUtensil/a0c1d7de5f9c08b69154bae3578e13c1/mode_0/piece_0.obj
DrinkingUtensil,55b2c3d4b6a4c0d4397cc4b7b847646e,mode_0,1,out/everyday/DrinkingUtensil/55b2c3d4b6a4c0d4397cc4b7b847646e/mode_0/piece_0.obj
Cup,ae1c602ee16282224212ff51b27f0221,mode_0,1,out/everyday/Cup/ae1c602ee16282224212ff51b27f0221/mode_0/piece_0.obj
Cup,50ba488200fff98bdccf03d91dc58d38,mode_0,1,out/everyday/Cup/50ba488200fff98bdccf03d91dc58d38/mode_0/piece_0.obj
Cup,97aa1929318460e69dfbd41352e3517a,mode_0,1,out/everyday/Cup/97aa1929318460e69dfbd41352e3517a/mode_0/piece_0.obj
Cup,181846dba8cfa3e91fc277ccdec7582,mode_0,1,out/everyday/Cup/181846dba8cfa3e91fc277ccdec7582/mode_0/piece_0.obj
Cup,89cf9af7513ecd0947bdf66811027e14,mode_0,1,out/everyday/Cup/89cf9af7513ecd0947bdf66811027e14/mode_0/piece_0.obj
Cup,81a3211c23e49d7739d900aac4aa1cce,mode_0,1,out/everyday/Cup/81a3211c23e49d7739d900aac4aa1cce/mode_0/piece_0.obj
Cup,5d034d08b3afb0054212ff51b27f0221,mode_0,1,out/everyday/Cup/5d034d08b3afb0054212ff51b27f0221/mode_0/piece_0.obj
Cup,fbd39539ca4b2a124e23e9314af9ae57,mode_0,1,out/everyday/Cup/fbd39539ca4b2a124e23e9314af9ae57/mode_0/piece_0.obj
Cup,d7afcf40b20235c37d6b772ca12ba5aa,mode_0,1,out/everyday/Cup/d7afcf40b20235c37d6b772ca12ba5aa/mode_0/piece_0.obj
Cup,106f8b5d2f2c777535c291801eaf5463,mode_0,1,out/everyday/Cup/106f8b5d2f2c777535c291801eaf5463/mode_0/piece_0.obj
Cup,b8eb2779ba97d947c9e47f42da1a9643,mode_0,1,out/everyday/Cup/b8eb2779ba97d947c9e47f42da1a9643/mode_0/piece_0.obj
Cup,606d1ca3ca3cd8a9825c10ff30444226,mode_0,1,out/everyday/Cup/606d1ca3ca3cd8a9825c10ff30444226/mode_0/piece_0.obj
Cup,4361d71e2fb5206b3db3d3acce75295,mode_0,1,out/everyday/Cup/4361d71e2fb5206b3db3d3acce75295/mode_0/piece_0.obj
Cup,800552db50e7f0da9599371049c32d38,mode_0,1,out/everyday/Cup/800552db50e7f0da9599371049c32d38/mode_0/piece_0.obj
Cup,64ce0c349a57f9ca488887a53f46a53,mode_0,1,out/everyday/Cup/64ce0c349a57f9ca488887a53f46a53/mode_0/piece_0.obj
Cup,d8ea3aa39bcb162798910e50f05b8001,mode_0,1,out/everyday/Cup/d8ea3aa39bcb162798910e50f05b8001/mode_0/piece_0.obj
Cup,9d5ae32fe7c6f825c8e7963449f8577,mode_0,1,out/everyday/Cup/9d5ae32fe7c6f825c8e7963449f8577/mode_0/piece_0.obj
Cup,c59440ee1e2e1433f15777656316b8aa,mode_0,1,out/everyday/Cup/c59440ee1e2e1433f15777656316b8aa/mode_0/piece_0.obj
Cup,3a3b19614d545834cd321262c762dc9,mode_0,1,out/everyday/Cup/3a3b19614d545834cd321262c762dc9/mode_0/piece_0.obj
Cup,75dd1eb981f15ad166ab797924e689f7,mode_0,1,out/everyday/Cup/75dd1eb981f15ad166ab797924e689f7/mode_0/piece_0.obj
Cup,1e227771ef66abdb4212ff51b27f0221,mode_0,1,out/everyday/Cup/1e227771ef66abdb4212ff51b27f0221/mode_0/piece_0.obj
Cup,11705ed6a5b1ed37f83d00225df18677,mode_0,1,out/everyday/Cup/11705ed6a5b1ed37f83d00225df18677/mode_0/piece_0.obj
Cup,dc1c220c8ef89a5d1a57566a9a7e5976,mode_0,1,out/everyday/Cup/dc1c220c8ef89a5d1a57566a9a7e5976/mode_0/piece_0.obj
Cup,e1a88aaf815c847d7d2b35f495afbe58,mode_0,1,out/everyday/Cup/e1a88aaf815c847d7d2b35f495afbe58/mode_0/piece_0.obj
Cup,fc035f7d732166b97b6fd5468f603b31,mode_0,1,out/everyday/Cup/fc035f7d732166b97b6fd5468f603b31/mode_0/piece_0.obj
Cup,29e8781a8f6fdf1f13323fc4d5700bec,mode_0,1,out/everyday/Cup/29e8781a8f6fdf1f13323fc4d5700bec/mode_0/piece_0.obj
Cup,f9244dc91aebf77ba4c322790a683350,mode_0,1,out/everyday/Cup/f9244dc91aebf77ba4c322790a683350/mode_0/piece_0.obj
Cup,cd82398f7e6b64b08c9441777325d0fd,mode_0,1,out/everyday/Cup/cd82398f7e6b64b08c9441777325d0fd/mode_0/piece_0.obj
Cup,39676deca53bdfe568bc0d099ddc0d94,mode_0,1,out/everyday/Cup/39676deca53bdfe568bc0d099ddc0d94/mode_0/piece_0.obj
Mirror,ecb0c4cbc28320dc5ccd4f99ed6d85e3,mode_0,1,out/everyday/Mirror/ecb0c4cbc28320dc5ccd4f99ed6d85e3/mode_0/piece_0.obj
Mirror,fe79174a9f953291b60747861a92b009,mode_0,1,out/everyday/Mirror/fe79174a9f953291b60747861a92b009/mode_0/piece_0.obj
Mirror,257fbf52b92e7679cc4cd6c58bd35c0c,mode_0,1,out/everyday/Mirror/257fbf52b92e7679cc4cd6c58bd35c0c/mode_0/piece_0.obj
Mirror,d23187b889042017cc4cd6c58bd35c0c,mode_0,1,out/everyday/Mirror/d23187b889042017cc4cd6c58bd35c0c/mode_0/piece_0.obj
Mirror,92a1e771eb621c14c2a5a06bb7a05e87,mode_0,1,out/everyday/Mirror/92a1e771eb621c14c2a5a06bb7a05e87/mode_0/piece_0.obj
Mirror,d8051303d474fff937ac8d648045f9c5,mode_0,1,out/everyday/Mirror/d8051303d474fff937ac8d648045f9c5/mode_0/piece_0.obj
Mirror,d88c21ff113a2b8a696ba2a9e3c77d99,mode_0,1,out/everyday/Mirror/d88c21ff113a2b8a696ba2a9e3c77d99/mode_0/piece_0.obj
Mirror,6336b5516cc8bd50635469b95109803c,mode_0,1,out/everyday/Mirror/6336b5516cc8bd50635469b95109803c/mode_0/piece_0.obj
Mirror,36d2cb436ef75bc7fae7b9efb5c3bbd1,mode_0,1,out/everyday/Mirror/36d2cb436ef75bc7fae7b9efb5c3bbd1/mode_0/piece_0.obj
Mirror,d97dbcad4f2786f0b877c077186eb35f,mode_0,1,out/everyday/Mirror/d97dbcad4f2786f0b877c077186eb35f/mode_0/piece_0.obj
Mirror,d579d22b8a1c2fcdd0e326df7b92a666,mode_0,1,out/everyday/Mirror/d579d22b8a1c2fcdd0e326df7b92a666/mode_0/piece_0.obj
Mirror,329491717ac1a15835836c728d324152,mode_0,1,out/everyday/Mirror/329491717ac1a15835836c728d324152/mode_0/piece_0.obj
Mirror,10b81dfbb3ba3e8835836c728d324152,mode_0,1,out/everyday/Mirror/10b81dfbb3ba3e8835836c728d324152/mode_0/piece_0.obj
Mirror,a89028302dffd469b571d24e2980d466,mode_0,1,out/everyday/Mirror/a89028302dffd469b571d24e2980d466/mode_0/piece_0.obj
Mirror,601c0760bf9771c61ddda637ecba1025,mode_0,1,out/everyday/Mirror/601c0760bf9771c61ddda637ecba1025/mode_0/piece_0.obj
Mirror,f290da1f292718751fc56912e22744f,mode_0,1,out/everyday/Mirror/f290da1f292718751fc56912e22744f/mode_0/piece_0.obj
Mirror,3c606dcfa914bc3435836c728d324152,mode_0,1,out/everyday/Mirror/3c606dcfa914bc3435836c728d324152/mode_0/piece_0.obj
Mirror,20663f59bb090670773ac2123317e26f,mode_0,1,out/everyday/Mirror/20663f59bb090670773ac2123317e26f/mode_0/piece_0.obj
Mirror,39dd90f6ff8aee0535836c728d324152,mode_0,1,out/everyday/Mirror/39dd90f6ff8aee0535836c728d324152/mode_0/piece_0.obj
Mirror,506137c7512fe09271d95e285252f806,mode_0,1,out/everyday/Mirror/506137c7512fe09271d95e285252f806/mode_0/piece_0.obj
Mirror,51feed1c1b21444828b4c5ec471dc963,mode_0,1,out/everyday/Mirror/51feed1c1b21444828b4c5ec471dc963/mode_0/piece_0.obj
Mirror,a3f89a8c3aea8cdf35836c728d324152,mode_0,1,out/everyday/Mirror/a3f89a8c3aea8cdf35836c728d324152/mode_0/piece_0.obj
Mirror,7886fea5f3b313cce8b7617437747e82,mode_0,1,out/everyday/Mirror/7886fea5f3b313cce8b7617437747e82/mode_0/piece_0.obj
Mirror,7eed749ec4a3e391289014a3a9ce92,mode_0,1,out/everyday/Mirror/7eed749ec4a3e391289014a3a9ce92/mode_0/piece_0.obj
Mirror,7fe270a9cb7621ed157bba5da16c1cd3,mode_0,1,out/everyday/Mirror/7fe270a9cb7621ed157bba5da16c1cd3/mode_0/piece_0.obj
Mirror,7d4a702f45999d343f7e27638e63d848,mode_0,1,out/everyday/Mirror/7d4a702f45999d343f7e27638e63d848/mode_0/piece_0.obj
Mirror,1c0332c81b3edba835836c728d324152,mode_0,1,out/everyday/Mirror/1c0332c81b3edba835836c728d324152/mode_0/piece_0.obj
Mirror,28f1c6c292c0190480360680c1602c7d,mode_0,1,out/everyday/Mirror/28f1c6c292c0190480360680c1602c7d/mode_0/piece_0.obj
Mirror,65a34810e74a58ab35836c728d324152,mode_0,1,out/everyday/Mirror/65a34810e74a58ab35836c728d324152/mode_0/piece_0.obj
Mirror,4b3e576378e5571aa9a81fd803d87d3e,mode_0,1,out/everyday/Mirror/4b3e576378e5571aa9a81fd803d87d3e/mode_0/piece_0.obj
Mirror,be043d6628d885891fc56912e22744f,mode_0,1,out/everyday/Mirror/be043d6628d885891fc56912e22744f/mode_0/piece_0.obj
Mirror,b5787ebfe1c5b31f68661782af60b711,mode_0,1,out/everyday/Mirror/b5787ebfe1c5b31f68661782af60b711/mode_0/piece_0.obj
Mirror,2f9722272370e78cbe172933e1937bf6,mode_0,1,out/everyday/Mirror/2f9722272370e78cbe172933e1937bf6/mode_0/piece_0.obj
Mirror,6bf0f5e06cb748bb9671c58246946ed6,mode_0,1,out/everyday/Mirror/6bf0f5e06cb748bb9671c58246946ed6/mode_0/piece_0.obj
Mirror,ac64eadd9e8139c6a0f1202f391a1c2a,mode_0,1,out/everyday/Mirror/ac64eadd9e8139c6a0f1202f391a1c2a/mode_0/piece_0.obj
Mirror,6734a3c4acecddd6a93d9d7058352745,mode_0,1,out/everyday/Mirror/6734a3c4acecddd6a93d9d7058352745/mode_0/piece_0.obj
Mirror,64787f14d1a665c3575521cb6b84d22e,mode_0,1,out/everyday/Mirror/64787f14d1a665c3575521cb6b84d22e/mode_0/piece_0.obj
Mirror,485f4c9da0348ab4e552ee47f47ae09a,mode_0,1,out/everyday/Mirror/485f4c9da0348ab4e552ee47f47ae09a/mode_0/piece_0.obj
Mirror,1dc7f7d076afd0ccf11c3739edd52fa3,mode_0,1,out/everyday/Mirror/1dc7f7d076afd0ccf11c3739edd52fa3/mode_0/piece_0.obj
Mirror,b1598cc4f821dc6c8adbf302116d52d,mode_0,1,out/everyday/Mirror/b1598cc4f821dc6c8adbf302116d52d/mode_0/piece_0.obj
Mirror,ad5a6d3f05284bde83f3ef99fe735c7e,mode_0,1,out/everyday/Mirror/ad5a6d3f05284bde83f3ef99fe735c7e/mode_0/piece_0.obj
Mirror,de444f5117dde4fa20bf9756ac49fafa,mode_0,1,out/everyday/Mirror/de444f5117dde4fa20bf9756ac49fafa/mode_0/piece_0.obj
Mirror,391e6f3a92a48417cc4cd6c58bd35c0c,mode_0,1,out/everyday/Mirror/391e6f3a92a48417cc4cd6c58bd35c0c/mode_0/piece_0.obj
Mirror,e39a006f3c089f3b1021cd55d164c0ed,mode_0,1,out/everyday/Mirror/e39a006f3c089f3b1021cd55d164c0ed/mode_0/piece_0.obj
Mirror,97b3ad5ef72aa25a3bac5db195d5c0cc,mode_0,1,out/everyday/Mirror/97b3ad5ef72aa25a3bac5db195d5c0cc/mode_0/piece_0.obj
BeerBottle,412289ded0359b326802d3678aa9d56b,mode_0,1,out/everyday/BeerBottle/412289ded0359b326802d3678aa9d56b/mode_0/piece_0.obj
BeerBottle,6da7fa9722b2a12d195232a03d04563a,mode_0,1,out/everyday/BeerBottle/6da7fa9722b2a12d195232a03d04563a/mode_0/piece_0.obj
BeerBottle,2927d6c8438f6e24fe6460d8d9bd16c6,mode_0,1,out/everyday/BeerBottle/2927d6c8438f6e24fe6460d8d9bd16c6/mode_0/piece_0.obj
BeerBottle,f853ac62bc288e48e56a63d21fb60ae9,mode_0,1,out/everyday/BeerBottle/f853ac62bc288e48e56a63d21fb60ae9/mode_0/piece_0.obj
BeerBottle,799397068de1ae1c4587d6a85176d7a0,mode_0,1,out/everyday/BeerBottle/799397068de1ae1c4587d6a85176d7a0/mode_0/piece_0.obj
BeerBottle,5566f264a6fa08cd2a68e506fbd6eecf,mode_0,1,out/everyday/BeerBottle/5566f264a6fa08cd2a68e506fbd6eecf/mode_0/piece_0.obj
BeerBottle,8309e710832c07f91082f2ea630bf69e,mode_0,1,out/everyday/BeerBottle/8309e710832c07f91082f2ea630bf69e/mode_0/piece_0.obj
BeerBottle,3f91158956ad7db0322747720d7d37e8,mode_0,1,out/everyday/BeerBottle/3f91158956ad7db0322747720d7d37e8/mode_0/piece_0.obj
BeerBottle,e8b48d395d3d8744e53e6e0633163da8,mode_0,1,out/everyday/BeerBottle/e8b48d395d3d8744e53e6e0633163da8/mode_0/piece_0.obj
Statue,d3ca5d06ad8ab969b2644d7d4d7ea2c7,mode_0,1,out/everyday/Statue/d3ca5d06ad8ab969b2644d7d4d7ea2c7/mode_0/piece_0.obj
Statue,114aff55d9933650a83967b36ab91a2e,mode_0,1,out/everyday/Statue/114aff55d9933650a83967b36ab91a2e/mode_0/piece_0.obj
Statue,5843ac18799f8970f9fced92afcb9866,mode_0,1,out/everyday/Statue/5843ac18799f8970f9fced92afcb9866/mode_0/piece_0.obj
Statue,c2f594f29b86cb8fcad6a699dd685278,mode_0,1,out/everyday/Statue/c2f594f29b86cb8fcad6a699dd685278/mode_0/piece_0.obj
Cookie,a8e3118bec4c495f737a00f007529fbf,mode_0,1,out/everyday/Cookie/a8e3118bec4c495f737a00f007529fbf/mode_0/piece_0.obj
Cookie,e1bc84ee7b9ef7f331999dc8823fe0d,mode_0,1,out/everyday/Cookie/e1bc84ee7b9ef7f331999dc8823fe0d/mode_0/piece_0.obj
Cookie,ccfa74e5574678325cde8c99e4b182f9,mode_0,1,out/everyday/Cookie/ccfa74e5574678325cde8c99e4b182f9/mode_0/piece_0.obj
Cookie,2ec24ca1dd42c39f6ad0370a38d43358,mode_0,1,out/everyday/Cookie/2ec24ca1dd42c39f6ad0370a38d43358/mode_0/piece_0.obj
WineGlass,e679ad6179be41ccb444b3a14f91a38c,mode_0,1,out/everyday/WineGlass/e679ad6179be41ccb444b3a14f91a38c/mode_0/piece_0.obj
WineGlass,9d506eb0e13514e167816b64852d28f,mode_0,1,out/everyday/WineGlass/9d506eb0e13514e167816b64852d28f/mode_0/piece_0.obj
WineGlass,48c8f3176fbe7b37384368499a680cf1,mode_0,1,out/everyday/WineGlass/48c8f3176fbe7b37384368499a680cf1/mode_0/piece_0.obj
WineGlass,2d89d2b3b6749a9d99fbba385cc0d41d,mode_0,1,out/everyday/WineGlass/2d89d2b3b6749a9d99fbba385cc0d41d/mode_0/piece_0.obj
WineGlass,461664fa3a9ad7a18ee45bd8e008284e,mode_0,1,out/everyday/WineGlass/461664fa3a9ad7a18ee45bd8e008284e/mode_0/piece_0.obj
WineGlass,ec742ff34906e5e890234001fde0a408,mode_0,1,out/everyday/WineGlass/ec742ff34906e5e890234001fde0a408/mode_0/piece_0.obj
WineGlass,a8bfc06799c33472af4429cef16e2ed1,mode_0,1,out/everyday/WineGlass/a8bfc06799c33472af4429cef16e2ed1/mode_0/piece_0.obj
WineGlass,560807ead8bcbebf94bbacc83c160625,mode_0,1,out/everyday/WineGlass/560807ead8bcbebf94bbacc83c160625/mode_0/piece_0.obj
WineGlass,445f26ebab09006782b108f8f7d0670d,mode_0,1,out/everyday/WineGlass/445f26ebab09006782b108f8f7d0670d/mode_0/piece_0.obj
Spoon,de731d4ac7341e15c58e834f0b160845,mode_0,1,out/everyday/Spoon/de731d4ac7341e15c58e834f0b160845/mode_0/piece_0.obj
Spoon,71b28e4dab2b20b11e652fa812161367,mode_0,1,out/everyday/Spoon/71b28e4dab2b20b11e652fa812161367/mode_0/piece_0.obj
Spoon,dfd87854f4686dffabeb890a269504bb,mode_0,1,out/everyday/Spoon/dfd87854f4686dffabeb890a269504bb/mode_0/piece_0.obj
Spoon,91b14c74a87d1ed51e652fa812161367,mode_0,1,out/everyday/Spoon/91b14c74a87d1ed51e652fa812161367/mode_0/piece_0.obj
Spoon,552f9c566cbbbae87c8489092272d18,mode_0,1,out/everyday/Spoon/552f9c566cbbbae87c8489092272d18/mode_0/piece_0.obj
Spoon,9729770f5437f768638735e451972522,mode_0,1,out/everyday/Spoon/9729770f5437f768638735e451972522/mode_0/piece_0.obj
Spoon,a40b92a4b1206a23634c2548420e5c66,mode_0,1,out/everyday/Spoon/a40b92a4b1206a23634c2548420e5c66/mode_0/piece_0.obj
Spoon,fa8c1f01f3c09bc7763cd81c1b401a16,mode_0,1,out/everyday/Spoon/fa8c1f01f3c09bc7763cd81c1b401a16/mode_0/piece_0.obj
Spoon,26f1379087fc3a863742135a31826a22,mode_0,1,out/everyday/Spoon/26f1379087fc3a863742135a31826a22/mode_0/piece_0.obj
Bottle,c5e425b9b1f4f42b6d7d15cb5e1928e,mode_0,1,out/everyday/Bottle/c5e425b9b1f4f42b6d7d15cb5e1928e/mode_0/piece_0.obj
Bottle,74221bae887b0e801ab89e10ca4a3aec,mode_0,1,out/everyday/Bottle/74221bae887b0e801ab89e10ca4a3aec/mode_0/piece_0.obj
Bottle,6642f712146b65d959aed18156aac466,mode_0,1,out/everyday/Bottle/6642f712146b65d959aed18156aac466/mode_0/piece_0.obj
Bottle,a1c63c463ad7fc1fb549927fbd0d12d,mode_0,1,out/everyday/Bottle/a1c63c463ad7fc1fb549927fbd0d12d/mode_0/piece_0.obj
Bottle,412289ded0359b326802d3678aa9d56b,mode_0,1,out/everyday/Bottle/412289ded0359b326802d3678aa9d56b/mode_0/piece_0.obj
Bottle,10d3d5961e00b2133ff038bc77759685,mode_0,1,out/everyday/Bottle/10d3d5961e00b2133ff038bc77759685/mode_0/piece_0.obj
Bottle,371b604f78300e02d76ab6ff59fe7e10,mode_0,1,out/everyday/Bottle/371b604f78300e02d76ab6ff59fe7e10/mode_0/piece_0.obj
Bottle,8748b67d0ba5f35f724d867867ccd9fb,mode_0,1,out/everyday/Bottle/8748b67d0ba5f35f724d867867ccd9fb/mode_0/piece_0.obj
Bottle,1b64b36bf7ddae3d7ad11050da24bb12,mode_0,1,out/everyday/Bottle/1b64b36bf7ddae3d7ad11050da24bb12/mode_0/piece_0.obj
Bottle,2d3f7082ad6d293daf6843c094838b08,mode_0,1,out/everyday/Bottle/2d3f7082ad6d293daf6843c094838b08/mode_0/piece_0.obj
Bottle,5ad47181a9026fc728cc22dce7529b69,mode_0,1,out/everyday/Bottle/5ad47181a9026fc728cc22dce7529b69/mode_0/piece_0.obj
Bottle,d851cbc873de1c4d3b6eb309177a6753,mode_0,1,out/everyday/Bottle/d851cbc873de1c4d3b6eb309177a6753/mode_0/piece_0.obj
Bottle,776502db6e2e680e5e4f0d37557f3953,mode_0,1,out/everyday/Bottle/776502db6e2e680e5e4f0d37557f3953/mode_0/piece_0.obj
Bottle,a34966853ab2272ab2047d3072d5e051,mode_0,1,out/everyday/Bottle/a34966853ab2272ab2047d3072d5e051/mode_0/piece_0.obj
Bottle,ba85427b56a4619ad2b623ffc463478b,mode_0,1,out/everyday/Bottle/ba85427b56a4619ad2b623ffc463478b/mode_0/piece_0.obj
Bottle,15787789482f045d8add95bf56d3d2fa,mode_0,1,out/everyday/Bottle/15787789482f045d8add95bf56d3d2fa/mode_0/piece_0.obj
Bottle,81bbf3134d1ca27a58449bd132e3a3fe,mode_0,1,out/everyday/Bottle/81bbf3134d1ca27a58449bd132e3a3fe/mode_0/piece_0.obj
Bottle,bb234652525a68498d969821a85884b2,mode_0,1,out/everyday/Bottle/bb234652525a68498d969821a85884b2/mode_0/piece_0.obj
Bottle,4b5f54fc4e629371cf078dc7b29022e6,mode_0,1,out/everyday/Bottle/4b5f54fc4e629371cf078dc7b29022e6/mode_0/piece_0.obj
Bottle,2927d6c8438f6e24fe6460d8d9bd16c6,mode_0,1,out/everyday/Bottle/2927d6c8438f6e24fe6460d8d9bd16c6/mode_0/piece_0.obj
Bottle,6ca2149ac6d3699130612f5c0ef21eb8,mode_0,1,out/everyday/Bottle/6ca2149ac6d3699130612f5c0ef21eb8/mode_0/piece_0.obj
Bottle,af3dda1cfe61d0fc9403b0d0536a04af,mode_0,1,out/everyday/Bottle/af3dda1cfe61d0fc9403b0d0536a04af/mode_0/piece_0.obj
Bottle,7b1fc86844257f8fa54fd40ef3a8dfd0,mode_0,1,out/everyday/Bottle/7b1fc86844257f8fa54fd40ef3a8dfd0/mode_0/piece_0.obj
Bottle,6aba175c988c8bec9fac57ed2e044778,mode_0,1,out/everyday/Bottle/6aba175c988c8bec9fac57ed2e044778/mode_0/piece_0.obj
Bottle,9afea0432f292379dc0e610397fef7f9,mode_0,1,out/everyday/Bottle/9afea0432f292379dc0e610397fef7f9/mode_0/piece_0.obj
Bottle,c5eb3234b73037562825656dc457df78,mode_0,1,out/everyday/Bottle/c5eb3234b73037562825656dc457df78/mode_0/piece_0.obj
Bottle,20b7adb178ea2c71d8892a9c05c4aa0e,mode_0,1,out/everyday/Bottle/20b7adb178ea2c71d8892a9c05c4aa0e/mode_0/piece_0.obj
Bottle,6d680415396d14d4d7c5502d4a22edf5,mode_0,1,out/everyday/Bottle/6d680415396d14d4d7c5502d4a22edf5/mode_0/piece_0.obj
Bottle,8c5cbb906d1d60c1373c7fadc92f60e1,mode_0,1,out/everyday/Bottle/8c5cbb906d1d60c1373c7fadc92f60e1/mode_0/piece_0.obj
Bottle,799397068de1ae1c4587d6a85176d7a0,mode_0,1,out/everyday/Bottle/799397068de1ae1c4587d6a85176d7a0/mode_0/piece_0.obj
Bottle,1e5abf0465d97d826118a17db9de8c0,mode_0,1,out/everyday/Bottle/1e5abf0465d97d826118a17db9de8c0/mode_0/piece_0.obj
Bottle,24feb92770933b1663995fb119e59971,mode_0,1,out/everyday/Bottle/24feb92770933b1663995fb119e59971/mode_0/piece_0.obj
Bottle,e593aa021f3fa324530647fc03dd20dc,mode_0,1,out/everyday/Bottle/e593aa021f3fa324530647fc03dd20dc/mode_0/piece_0.obj
Bottle,d2e7e725aa6b39f0d333084c1357713e,mode_0,1,out/everyday/Bottle/d2e7e725aa6b39f0d333084c1357713e/mode_0/piece_0.obj
Bottle,83fd5e88eca47f1dab298e30fc6f45ba,mode_0,1,out/everyday/Bottle/83fd5e88eca47f1dab298e30fc6f45ba/mode_0/piece_0.obj
Bottle,c0b6be0fb83b237f504721639e19f609,mode_0,1,out/everyday/Bottle/c0b6be0fb83b237f504721639e19f609/mode_0/piece_0.obj
Bottle,5566f264a6fa08cd2a68e506fbd6eecf,mode_0,1,out/everyday/Bottle/5566f264a6fa08cd2a68e506fbd6eecf/mode_0/piece_0.obj
Bottle,48bacbf60318db537a0c402e1ca31f3,mode_0,1,out/everyday/Bottle/48bacbf60318db537a0c402e1ca31f3/mode_0/piece_0.obj
Bottle,8309e710832c07f91082f2ea630bf69e,mode_0,1,out/everyday/Bottle/8309e710832c07f91082f2ea630bf69e/mode_0/piece_0.obj
Bottle,8cd9b10f611ac28e866a1445c8fba9da,mode_0,1,out/everyday/Bottle/8cd9b10f611ac28e866a1445c8fba9da/mode_0/piece_0.obj
Bottle,1c79735033726294724d5ee7f09ab66b,mode_0,1,out/everyday/Bottle/1c79735033726294724d5ee7f09ab66b/mode_0/piece_0.obj
Bottle,f331ad8d0e6654ef8f992b1fe7075c8f,mode_0,1,out/everyday/Bottle/f331ad8d0e6654ef8f992b1fe7075c8f/mode_0/piece_0.obj
Bottle,c382be46c8ab7815d333084c1357713e,mode_0,1,out/everyday/Bottle/c382be46c8ab7815d333084c1357713e/mode_0/piece_0.obj
Bottle,f452c1053f88cd2fc21f7907838a35d1,mode_0,1,out/everyday/Bottle/f452c1053f88cd2fc21f7907838a35d1/mode_0/piece_0.obj
Bottle,3108a736282eec1bc58e834f0b160845,mode_0,1,out/everyday/Bottle/3108a736282eec1bc58e834f0b160845/mode_0/piece_0.obj
Bottle,3f91158956ad7db0322747720d7d37e8,mode_0,1,out/everyday/Bottle/3f91158956ad7db0322747720d7d37e8/mode_0/piece_0.obj
Bottle,7d41c6018862dc419d231837a704886d,mode_0,1,out/everyday/Bottle/7d41c6018862dc419d231837a704886d/mode_0/piece_0.obj
Bottle,e8b48d395d3d8744e53e6e0633163da8,mode_0,1,out/everyday/Bottle/e8b48d395d3d8744e53e6e0633163da8/mode_0/piece_0.obj
Bottle,738d7eb5c8800842f8060bac8721179,mode_0,1,out/everyday/Bottle/738d7eb5c8800842f8060bac8721179/mode_0/piece_0.obj
Bottle,defc45107217afb846564a8a219239b,mode_0,1,out/everyday/Bottle/defc45107217afb846564a8a219239b/mode_0/piece_0.obj
Bottle,cd418bf69c286701e301960cce35ab79,mode_0,1,out/everyday/Bottle/cd418bf69c286701e301960cce35ab79/mode_0/piece_0.obj
Bottle,fa44223c6f785c60e71da2487cb2ee5b,mode_0,1,out/everyday/Bottle/fa44223c6f785c60e71da2487cb2ee5b/mode_0/piece_0.obj
Bottle,fdc47f5f8dff184830eaaf40a8a562c1,mode_0,1,out/everyday/Bottle/fdc47f5f8dff184830eaaf40a8a562c1/mode_0/piece_0.obj
Bottle,ec42773c595dc08e4d678187b8261d95,mode_0,1,out/everyday/Bottle/ec42773c595dc08e4d678187b8261d95/mode_0/piece_0.obj
Bottle,114509277e76e413c8724d5673a063a6,mode_0,1,out/everyday/Bottle/114509277e76e413c8724d5673a063a6/mode_0/piece_0.obj
Bottle,1d4093ad2dfad9df24be2e4f911ee4af,mode_0,1,out/everyday/Bottle/1d4093ad2dfad9df24be2e4f911ee4af/mode_0/piece_0.obj
Bottle,d74bc917899133e080c257afea181fa2,mode_0,1,out/everyday/Bottle/d74bc917899133e080c257afea181fa2/mode_0/piece_0.obj
Bottle,621e786d6343d3aa2c96718b14a4add9,mode_0,1,out/everyday/Bottle/621e786d6343d3aa2c96718b14a4add9/mode_0/piece_0.obj
Bottle,dc0926ce09d6ce78eb8e919b102c6c08,mode_0,1,out/everyday/Bottle/dc0926ce09d6ce78eb8e919b102c6c08/mode_0/piece_0.obj
Bottle,abe3a232d973941d49a3c1009fa79820,mode_0,1,out/everyday/Bottle/abe3a232d973941d49a3c1009fa79820/mode_0/piece_0.obj
Bottle,f6de2a85da0e89b53f222a37719e9945,mode_0,1,out/everyday/Bottle/f6de2a85da0e89b53f222a37719e9945/mode_0/piece_0.obj
Bottle,6b810dbc89542fd8a531220b48579115,mode_0,1,out/everyday/Bottle/6b810dbc89542fd8a531220b48579115/mode_0/piece_0.obj
Bottle,244894af3ba967ccd957eaf7f4edb205,mode_0,1,out/everyday/Bottle/244894af3ba967ccd957eaf7f4edb205/mode_0/piece_0.obj
Bottle,9edfe64416a9646e30612f5c0ef21eb8,mode_0,1,out/everyday/Bottle/9edfe64416a9646e30612f5c0ef21eb8/mode_0/piece_0.obj
Bottle,acc67510dd228d01d7cbb1f9251b6139,mode_0,1,out/everyday/Bottle/acc67510dd228d01d7cbb1f9251b6139/mode_0/piece_0.obj
Bottle,7984d4980d5b07bceba393d429f71de3,mode_0,1,out/everyday/Bottle/7984d4980d5b07bceba393d429f71de3/mode_0/piece_0.obj
Bottle,d7305324e9dd49eccee5e41d780064a2,mode_0,1,out/everyday/Bottle/d7305324e9dd49eccee5e41d780064a2/mode_0/piece_0.obj
Bottle,11a0f60b9baaaf59968608843530f3d7,mode_0,1,out/everyday/Bottle/11a0f60b9baaaf59968608843530f3d7/mode_0/piece_0.obj
Bottle,8efea19de0ce5bf51ca3ed9192f044dd,mode_0,1,out/everyday/Bottle/8efea19de0ce5bf51ca3ed9192f044dd/mode_0/piece_0.obj
Bottle,d8b6c270d29c58c55627157b31e16dc2,mode_0,1,out/everyday/Bottle/d8b6c270d29c58c55627157b31e16dc2/mode_0/piece_0.obj
Bottle,109d55a137c042f5760315ac3bf2c13e,mode_0,1,out/everyday/Bottle/109d55a137c042f5760315ac3bf2c13e/mode_0/piece_0.obj
Mug,187859d3c3a2fd23f54e1b6f41fdd78a,mode_0,1,out/everyday/Mug/187859d3c3a2fd23f54e1b6f41fdd78a/mode_0/piece_0.obj
Mug,46ed9dad0440c043d33646b0990bb4a,mode_0,1,out/everyday/Mug/46ed9dad0440c043d33646b0990bb4a/mode_0/piece_0.obj
Mug,85d5e7be548357baee0fa456543b8166,mode_0,1,out/everyday/Mug/85d5e7be548357baee0fa456543b8166/mode_0/piece_0.obj
Mug,e79d807e1093c6174e716404e6ec3a5f,mode_0,1,out/everyday/Mug/e79d807e1093c6174e716404e6ec3a5f/mode_0/piece_0.obj
Mug,c7f8d39c406fee941050b055aafa6fb8,mode_0,1,out/everyday/Mug/c7f8d39c406fee941050b055aafa6fb8/mode_0/piece_0.obj
Mug,b811555ccf5ef6c4948fa2daa427fe1f,mode_0,1,out/everyday/Mug/b811555ccf5ef6c4948fa2daa427fe1f/mode_0/piece_0.obj
Mug,6a9b31e1298ca1109c515ccf0f61e75f,mode_0,1,out/everyday/Mug/6a9b31e1298ca1109c515ccf0f61e75f/mode_0/piece_0.obj
Mug,d309d5f8038df4121198791a5b8655c,mode_0,1,out/everyday/Mug/d309d5f8038df4121198791a5b8655c/mode_0/piece_0.obj
Mug,e984fd7e97c2be347eaeab1f0c9120b7,mode_0,1,out/everyday/Mug/e984fd7e97c2be347eaeab1f0c9120b7/mode_0/piece_0.obj
Mug,d0a3fdd33c7e1eb040bc4e38b9ba163e,mode_0,1,out/everyday/Mug/d0a3fdd33c7e1eb040bc4e38b9ba163e/mode_0/piece_0.obj
Mug,b88bcf33f25c6cb15b4f129f868dedb,mode_0,1,out/everyday/Mug/b88bcf33f25c6cb15b4f129f868dedb/mode_0/piece_0.obj
Mug,542235fc88d22e1e3406473757712946,mode_0,1,out/everyday/Mug/542235fc88d22e1e3406473757712946/mode_0/piece_0.obj
Mug,23fb2a2231263e261a9ac99425d3b306,mode_0,1,out/everyday/Mug/23fb2a2231263e261a9ac99425d3b306/mode_0/piece_0.obj
Mug,6aec84952a5ffcf33f60d03e1cb068dc,mode_0,1,out/everyday/Mug/6aec84952a5ffcf33f60d03e1cb068dc/mode_0/piece_0.obj
Mug,b46a9c35587a38f6e87dab59b7e63362,mode_0,1,out/everyday/Mug/b46a9c35587a38f6e87dab59b7e63362/mode_0/piece_0.obj
Mug,10f6e09036350e92b3f21f1137c3c347,mode_0,1,out/everyday/Mug/10f6e09036350e92b3f21f1137c3c347/mode_0/piece_0.obj
Mug,57f73714cbc425e44ae022a8f6e258a7,mode_0,1,out/everyday/Mug/57f73714cbc425e44ae022a8f6e258a7/mode_0/piece_0.obj
Mug,62634df2ad8f19b87d1b7935311a2ed0,mode_0,1,out/everyday/Mug/62634df2ad8f19b87d1b7935311a2ed0/mode_0/piece_0.obj
Mug,f1c5b9bb744afd96d6e1954365b10b52,mode_0,1,out/everyday/Mug/f1c5b9bb744afd96d6e1954365b10b52/mode_0/piece_0.obj
Mug,c51b79493419eccdc1584fff35347dc6,mode_0,1,out/everyday/Mug/c51b79493419eccdc1584fff35347dc6/mode_0/piece_0.obj
Mug,ea33ad442b032208d778b73d04298f62,mode_0,1,out/everyday/Mug/ea33ad442b032208d778b73d04298f62/mode_0/piece_0.obj
Mug,40f9a6cc6b2c3b3a78060a3a3a55e18f,mode_0,1,out/everyday/Mug/40f9a6cc6b2c3b3a78060a3a3a55e18f/mode_0/piece_0.obj
Mug,24651c3767aa5089e19f4cee87249aca,mode_0,1,out/everyday/Mug/24651c3767aa5089e19f4cee87249aca/mode_0/piece_0.obj
Mug,547b3284875a6ce535deb3b0c692a2a,mode_0,1,out/everyday/Mug/547b3284875a6ce535deb3b0c692a2a/mode_0/piece_0.obj
Mug,7223820f07fd6b55e453535335057818,mode_0,1,out/everyday/Mug/7223820f07fd6b55e453535335057818/mode_0/piece_0.obj
Mug,b7841572364fd9ce1249ffc39a0c3c0b,mode_0,1,out/everyday/Mug/b7841572364fd9ce1249ffc39a0c3c0b/mode_0/piece_0.obj
Mug,5b0c679eb8a2156c4314179664d18101,mode_0,1,out/everyday/Mug/5b0c679eb8a2156c4314179664d18101/mode_0/piece_0.obj
Mug,48e260a614c0fd4434a8988fdcee4fde,mode_0,1,out/everyday/Mug/48e260a614c0fd4434a8988fdcee4fde/mode_0/piece_0.obj
Mug,336122c3105440d193e42e2720468bf0,mode_0,1,out/everyday/Mug/336122c3105440d193e42e2720468bf0/mode_0/piece_0.obj
Mug,d7ba704184d424dfd56d9106430c3fe,mode_0,1,out/everyday/Mug/d7ba704184d424dfd56d9106430c3fe/mode_0/piece_0.obj
Mug,52273f4b17505e898ef19a48ac4fcfdf,mode_0,1,out/everyday/Mug/52273f4b17505e898ef19a48ac4fcfdf/mode_0/piece_0.obj
Mug,5b515d0b0c6740d5c5fe7f65b41f3b19,mode_0,1,out/everyday/Mug/5b515d0b0c6740d5c5fe7f65b41f3b19/mode_0/piece_0.obj
Mug,37f56901a07da69dac6b8e58caf61f95,mode_0,1,out/everyday/Mug/37f56901a07da69dac6b8e58caf61f95/mode_0/piece_0.obj
Mug,128ecbc10df5b05d96eaf1340564a4de,mode_0,1,out/everyday/Mug/128ecbc10df5b05d96eaf1340564a4de/mode_0/piece_0.obj
Mug,df026976dc03197213ac44947b92716e,mode_0,1,out/everyday/Mug/df026976dc03197213ac44947b92716e/mode_0/piece_0.obj
Mug,9ff8400080c77feac2ad6fd1941624c3,mode_0,1,out/everyday/Mug/9ff8400080c77feac2ad6fd1941624c3/mode_0/piece_0.obj
Mug,2073dd06f62b46d43c8079bde16af00d,mode_0,1,out/everyday/Mug/2073dd06f62b46d43c8079bde16af00d/mode_0/piece_0.obj
Mug,8b1dca1414ba88cb91986c63a4d7a99a,mode_0,1,out/everyday/Mug/8b1dca1414ba88cb91986c63a4d7a99a/mode_0/piece_0.obj
Mug,d75af64aa166c24eacbe2257d0988c9c,mode_0,1,out/everyday/Mug/d75af64aa166c24eacbe2257d0988c9c/mode_0/piece_0.obj
Mug,1ea9ea99ac8ed233bf355ac8109b9988,mode_0,1,out/everyday/Mug/1ea9ea99ac8ed233bf355ac8109b9988/mode_0/piece_0.obj
Mug,159e56c18906830278d8f8c02c47cde0,mode_0,1,out/everyday/Mug/159e56c18906830278d8f8c02c47cde0/mode_0/piece_0.obj
Mug,ba10400c108e5c3f54e1b6f41fdd78a,mode_0,1,out/everyday/Mug/ba10400c108e5c3f54e1b6f41fdd78a/mode_0/piece_0.obj
Ring,2b0b9efff714f07883a2aadcb43f06a6,mode_0,1,out/everyday/Ring/2b0b9efff714f07883a2aadcb43f06a6/mode_0/piece_0.obj
Ring,e12a391eefd6196c89518a435d4410dd,mode_0,1,out/everyday/Ring/e12a391eefd6196c89518a435d4410dd/mode_0/piece_0.obj
Ring,38ee30fb91dea90d3bca0b608dd49a42,mode_0,1,out/everyday/Ring/38ee30fb91dea90d3bca0b608dd49a42/mode_0/piece_0.obj
Ring,22b774d60d8096bad0f7e2bf0e4be74d,mode_0,1,out/everyday/Ring/22b774d60d8096bad0f7e2bf0e4be74d/mode_0/piece_0.obj
Ring,9b586cba3598cca2fffe50105e90d100,mode_0,1,out/everyday/Ring/9b586cba3598cca2fffe50105e90d100/mode_0/piece_0.obj
Ring,9451d2c47dcc1980446afc8051bc4afc,mode_0,1,out/everyday/Ring/9451d2c47dcc1980446afc8051bc4afc/mode_0/piece_0.obj
Ring,5d54885f9b7f64b1b59cdd71b032af64,mode_0,1,out/everyday/Ring/5d54885f9b7f64b1b59cdd71b032af64/mode_0/piece_0.obj
Ring,74cd9bcdf1ae8be08b799476ffd68751,mode_0,1,out/everyday/Ring/74cd9bcdf1ae8be08b799476ffd68751/mode_0/piece_0.obj
